indicator_label,cluster
Adjusted net national income (annual % growth),0
Adjusted net national income (constant 2015 US$),0
Adjusted net national income (current US$),0
Adjusted net national income per capita (annual % growth),0
Adjusted net national income per capita (constant 2015 US$),0
Adjusted net national income per capita (current US$),0
"Adjusted net savings, excluding particulate emission damage (% of GNI)",0
"Adjusted net savings, excluding particulate emission damage (current US$)",0
"Adjusted net savings, including particulate emission damage (% of GNI)",0
"Adjusted net savings, including particulate emission damage (current US$)",0
Adjusted savings: carbon dioxide damage (% of GNI),0
Adjusted savings: carbon dioxide damage (current US$),0
Adjusted savings: consumption of fixed capital (% of GNI),0
Adjusted savings: consumption of fixed capital (current US$),0
Adjusted savings: education expenditure (% of GNI),0
Adjusted savings: energy depletion (% of GNI),0
Adjusted savings: energy depletion (current US$),0
Adjusted savings: gross savings (% of GNI),0
Adjusted savings: mineral depletion (% of GNI),0
Adjusted savings: mineral depletion (current US$),0
Adjusted savings: natural resources depletion (% of GNI),0
Adjusted savings: net forest depletion (% of GNI),0
Adjusted savings: net forest depletion (current US$),0
Adjusted savings: net national savings (% of GNI),0
Adjusted savings: net national savings (current US$),0
Adjusted savings: particulate emission damage (% of GNI),0
Adjusted savings: particulate emission damage (current US$),0
"Annual freshwater withdrawals, agriculture (% of total freshwater withdrawal)",0
"Annual freshwater withdrawals, domestic (% of total freshwater withdrawal)",0
"Annual freshwater withdrawals, industry (% of total freshwater withdrawal)",0
"Annual freshwater withdrawals, total (% of internal resources)",0
"Annual freshwater withdrawals, total (billion cubic meters)",0
Aquaculture production (metric tons),0
"Bird species, threatened",0
Capture fisheries production (metric tons),0
Carbon dioxide (CO2) emissions (total) excluding LULUCF (% change from 1990),0
Carbon dioxide (CO2) emissions (total) excluding LULUCF (Mt CO2e),0
Carbon dioxide (CO2) emissions excluding LULUCF per capita (t CO2e/capita),0
Carbon dioxide (CO2) emissions from Agriculture (Mt CO2e),0
Carbon dioxide (CO2) emissions from Building (Energy) (Mt CO2e),0
Carbon dioxide (CO2) emissions from Fugitive Emissions (Energy) (Mt CO2e),0
Carbon dioxide (CO2) emissions from Industrial Combustion (Energy) (Mt CO2e),0
Carbon dioxide (CO2) emissions from Industrial Processes (Mt CO2e),0
Carbon dioxide (CO2) emissions from Power Industry (Energy) (Mt CO2e),0
Carbon dioxide (CO2) emissions from Transport (Energy) (Mt CO2e),0
Carbon dioxide (CO2) emissions from Waste (Mt CO2e),0
Carbon dioxide (CO2) net fluxes from LULUCF - Deforestation (Mt CO2e),0
Carbon dioxide (CO2) net fluxes from LULUCF - Forest Land (Mt CO2e),0
Carbon dioxide (CO2) net fluxes from LULUCF - Organic Soil (Mt CO2e),0
Carbon dioxide (CO2) net fluxes from LULUCF - Other Land (Mt CO2e),0
Carbon dioxide (CO2) net fluxes from LULUCF - Total excluding non-tropical fires (Mt CO2e),0
Cereal production (metric tons),0
Electric power transmission and distribution losses (% of output),0
Electricity production from coal sources (% of total),0
Electricity production from hydroelectric sources (% of total),0
Electricity production from natural gas sources (% of total),0
Electricity production from nuclear sources (% of total),0
Electricity production from oil sources (% of total),0
"Electricity production from oil, gas and coal sources (% of total)",0
"Electricity production from renewable sources, excluding hydroelectric (% of total)",0
"Electricity production from renewable sources, excluding hydroelectric (kWh)",0
F-gases emissions from Industrial Processes (Mt CO2e),0
Fertilizer consumption (% of fertilizer production),0
"Fish species, threatened",0
Gross savings (% of GNI),0
Gross savings (current US$),0
"Industrial design applications, nonresident, by count",0
"Industrial design applications, resident, by count",0
Land under cereal production (hectares),0
Level of water stress: freshwater withdrawal as a proportion of available freshwater resources,0
"Mammal species, threatened",0
Methane (CH4) emissions (total) excluding LULUCF (% change from 1990),0
Methane (CH4) emissions (total) excluding LULUCF (Mt CO2e),0
Methane (CH4) emissions from Agriculture (Mt CO2e),0
Methane (CH4) emissions from Building (Energy) (Mt CO2e),0
Methane (CH4) emissions from Fugitive Emissions (Energy) (Mt CO2e),0
Methane (CH4) emissions from Industrial Combustion (Energy) (Mt CO2e),0
Methane (CH4) emissions from Industrial Processes (Mt CO2e),0
Methane (CH4) emissions from Power Industry (Energy) (Mt CO2e),0
Methane (CH4) emissions from Transport (Energy) (Mt CO2e),0
Methane (CH4) emissions from Waste (Mt CO2e),0
Nitrous oxide (N2O) emissions (total) excluding LULUCF (% change from 1990),0
Nitrous oxide (N2O) emissions (total) excluding LULUCF (Mt CO2e),0
Nitrous oxide (N2O) emissions from Agriculture (Mt CO2e),0
Nitrous oxide (N2O) emissions from Building (Energy) (Mt CO2e),0
Nitrous oxide (N2O) emissions from Fugitive Emissions (Energy) (Mt CO2e),0
Nitrous oxide (N2O) emissions from Industrial Combustion (Energy) (Mt CO2e),0
Nitrous oxide (N2O) emissions from Industrial Processes (Mt CO2e),0
Nitrous oxide (N2O) emissions from Power Industry (Energy) (Mt CO2e),0
Nitrous oxide (N2O) emissions from Transport (Energy) (Mt CO2e),0
Nitrous oxide (N2O) emissions from Waste (Mt CO2e),0
"Patent applications, nonresidents",0
"Patent applications, residents",0
"Plant species (higher), threatened",0
Renewable electricity output (% of total electricity output),0
Renewable internal freshwater resources per capita (cubic meters),0
"Renewable internal freshwater resources, total (billion cubic meters)",0
Total fisheries production (metric tons),0
Total greenhouse gas emissions excluding LULUCF (% change from 1990),0
Total greenhouse gas emissions excluding LULUCF (Mt CO2e),0
Total greenhouse gas emissions excluding LULUCF per capita (t CO2e/capita),0
Total greenhouse gas emissions including LULUCF (Mt CO2e),0
"Trademark applications, nonresident, by count",0
"Trademark applications, resident, by count",0
Account ownership at a financial institution or with a mobile-money-service provider (% of population ages 15+),1
"Account ownership at a financial institution or with a mobile-money-service provider, female (% of population ages 15+)",1
"Account ownership at a financial institution or with a mobile-money-service provider, male (% of population ages 15+)",1
"Account ownership at a financial institution or with a mobile-money-service provider, older adults (% of population ages 25+)",1
"Account ownership at a financial institution or with a mobile-money-service provider, poorest 40% (% of population ages 15+)",1
"Account ownership at a financial institution or with a mobile-money-service provider, primary education or less (% of population ages 15+)",1
"Account ownership at a financial institution or with a mobile-money-service provider, richest 60% (% of population ages 15+)",1
"Account ownership at a financial institution or with a mobile-money-service provider, secondary education or more (% of population ages 15+)",1
"Account ownership at a financial institution or with a mobile-money-service provider, young adults (% of population ages 15-24)",1
"Condom use, population ages 15-24, female (% of females ages 15-24)",1
"Condom use, population ages 15-24, male (% of males ages 15-24)",1
Diabetes prevalence (% of population ages 20 to 79),1
"Droughts, floods, extreme temperatures (% of population, average 1990-2009)",1
"Incidence of HIV, ages 15-24 (per 1,000 uninfected population ages 15-24)",1
"Incidence of HIV, ages 15-49 (per 1,000 uninfected population ages 15-49)",1
Individuals using the Internet (% of population),1
"Individuals using the Internet, female (% of female population)",1
"Individuals using the Internet, male (% of male population)",1
Population ages 0-14 (% of total population),1
"Population ages 0-14, female",1
"Population ages 0-14, female (% of female population)",1
"Population ages 0-14, male",1
"Population ages 0-14, male (% of male population)",1
"Population ages 0-14, total",1
"Population ages 00-04, female (% of female population)",1
"Population ages 00-04, male (% of male population)",1
"Population ages 05-09, female (% of female population)",1
"Population ages 05-09, male (% of male population)",1
"Population ages 10-14, female (% of female population)",1
"Population ages 10-14, male (% of male population)",1
"Population ages 15-19, female (% of female population)",1
"Population ages 15-19, male (% of male population)",1
Population ages 15-64 (% of total population),1
"Population ages 15-64, female",1
"Population ages 15-64, female (% of female population)",1
"Population ages 15-64, male",1
"Population ages 15-64, male (% of male population)",1
"Population ages 15-64, total",1
"Population ages 20-24, female (% of female population)",1
"Population ages 20-24, male (% of male population)",1
"Population ages 25-29, female (% of female population)",1
"Population ages 25-29, male (% of male population)",1
"Population ages 30-34, female (% of female population)",1
"Population ages 30-34, male (% of male population)",1
"Population ages 35-39, female (% of female population)",1
"Population ages 35-39, male (% of male population)",1
"Population ages 40-44, female (% of female population)",1
"Population ages 40-44, male (% of male population)",1
"Population ages 45-49, female (% of female population)",1
"Population ages 45-49, male (% of male population)",1
"Population ages 50-54, female (% of female population)",1
"Population ages 50-54, male (% of male population)",1
"Population ages 55-59, female (% of female population)",1
"Population ages 55-59, male (% of male population)",1
"Population ages 60-64, female (% of female population)",1
"Population ages 60-64, male (% of male population)",1
Population ages 65 and above (% of total population),1
"Population ages 65 and above, female",1
"Population ages 65 and above, female (% of female population)",1
"Population ages 65 and above, male",1
"Population ages 65 and above, male (% of male population)",1
"Population ages 65 and above, total",1
"Population ages 65-69, female (% of female population)",1
"Population ages 65-69, male (% of male population)",1
"Population ages 70-74, female (% of female population)",1
"Population ages 70-74, male (% of male population)",1
"Population ages 75-79, female (% of female population)",1
"Population ages 75-79, male (% of male population)",1
"Population ages 80 and above, female (% of female population)",1
"Population ages 80 and above, male (% of male population)",1
Population in largest city,1
"Population, female",1
"Population, female (% of total population)",1
"Population, male",1
"Population, male (% of total population)",1
"Prevalence of HIV, total (% of population ages 15-49)",1
Prevalence of undernourishment (% of population),1
Use of insecticide-treated bed nets (% of under-5 population),1
Women's share of population ages 15+ living with HIV (%),1
"Agriculture, forestry, and fishing, value added (% of GDP)",2
"Agriculture, forestry, and fishing, value added (annual % growth)",2
"Agriculture, forestry, and fishing, value added (constant 2015 US$)",2
"Agriculture, forestry, and fishing, value added (constant LCU)",2
"Agriculture, forestry, and fishing, value added (current LCU)",2
"Agriculture, forestry, and fishing, value added (current US$)",2
"Agriculture, forestry, and fishing, value added per worker (constant 2015 US$)",2
Broad money (% of GDP),2
Broad money (current LCU),2
Broad money growth (annual %),2
Carbon intensity of GDP (kg CO2e per 2021 PPP $ of GDP),2
Carbon intensity of GDP (kg CO2e per constant 2015 US$ of GDP),2
"Central government debt, total (% of GDP)",2
"Central government debt, total (current LCU)",2
Changes in inventories (constant LCU),2
Changes in inventories (current LCU),2
Changes in inventories (current US$),2
Chemicals (% of value added in manufacturing),2
Claims on central government (annual growth as % of broad money),2
"Claims on central government, etc. (% GDP)",2
Claims on other sectors of the domestic economy (% of GDP),2
Claims on other sectors of the domestic economy (annual growth as % of broad money),2
Claims on private sector (annual growth as % of broad money),2
Coal rents (% of GDP),2
"Commercial banks and other lending (PPG + PNG) (NFL, current US$)",2
Compensation of employees (% of expense),2
Compensation of employees (current LCU),2
Current account balance (% of GDP),2
Customs and other import duties (% of tax revenue),2
Customs and other import duties (current LCU),2
DEC alternative conversion factor (LCU per US$),2
Discrepancy in expenditure estimate of GDP (constant LCU),2
Discrepancy in expenditure estimate of GDP (current LCU),2
Domestic credit provided by financial sector (% of GDP),2
Domestic credit to private sector (% of GDP),2
Domestic credit to private sector by banks (% of GDP),2
Energy intensity level of primary energy (MJ/$2017 PPP GDP),2
"Energy use (kg of oil equivalent) per $1,000 GDP (constant 2021 PPP)",2
Expense (% of GDP),2
Expense (current LCU),2
Exports as a capacity to import (constant LCU),2
Financial intermediary services indirectly Measured (FISIM) (constant LCU),2
Financial intermediary services indirectly Measured (FISIM) (current LCU),2
"Food, beverages and tobacco (% of value added in manufacturing)",2
"Foreign direct investment, net inflows (% of GDP)",2
"Foreign direct investment, net outflows (% of GDP)",2
Forest rents (% of GDP),2
GDP (constant 2015 US$),2
GDP (constant LCU),2
GDP (current LCU),2
GDP (current US$),2
GDP deflator (base year varies by country),2
GDP deflator: linked series (base year varies by country),2
GDP growth (annual %),2
GDP per capita (constant 2015 US$),2
GDP per capita (constant LCU),2
GDP per capita (current LCU),2
GDP per capita (current US$),2
GDP per capita growth (annual %),2
"GDP per capita, PPP (constant 2021 international $)",2
"GDP per capita, PPP (current international $)",2
GDP per person employed (constant 2021 PPP $),2
GDP per unit of energy use (PPP $ per kg of oil equivalent),2
GDP per unit of energy use (constant 2021 PPP $ per kg of oil equivalent),2
"GDP, PPP (constant 2021 international $)",2
"GDP, PPP (current international $)",2
GDP: linked series (current LCU),2
GNI (constant 2015 US$),2
GNI (constant LCU),2
GNI (current LCU),2
GNI (current US$),2
GNI growth (annual %),2
GNI per capita (constant 2015 US$),2
GNI per capita (constant LCU),2
GNI per capita (current LCU),2
GNI per capita growth (annual %),2
"GNI per capita, Atlas method (current US$)",2
"GNI per capita, PPP (constant 2021 international $)",2
"GNI per capita, PPP (current international $)",2
"GNI, Atlas method (current US$)",2
"GNI, PPP (constant 2021 international $)",2
"GNI, PPP (current international $)",2
GNI: linked series (current LCU),2
Grants and other revenue (% of revenue),2
Grants and other revenue (current LCU),2
Gross capital formation (% of GDP),2
Gross capital formation (annual % growth),2
Gross capital formation (constant 2015 US$),2
Gross capital formation (constant LCU),2
Gross capital formation (current LCU),2
Gross capital formation (current US$),2
Gross domestic income (constant LCU),2
Gross domestic savings (% of GDP),2
Gross domestic savings (current LCU),2
Gross domestic savings (current US$),2
Gross fixed capital formation (% of GDP),2
Gross fixed capital formation (annual % growth),2
Gross fixed capital formation (constant 2015 US$),2
Gross fixed capital formation (constant LCU),2
Gross fixed capital formation (current LCU),2
Gross fixed capital formation (current US$),2
"Gross fixed capital formation, private sector (% of GDP)",2
"Gross fixed capital formation, private sector (current LCU)",2
Gross national expenditure (constant LCU),2
Gross national expenditure (current LCU),2
Gross savings (% of GDP),2
Gross savings (current LCU),2
Gross value added at basic prices (GVA) (constant 2015 US$),2
Gross value added at basic prices (GVA) (constant LCU),2
Gross value added at basic prices (GVA) (current LCU),2
Gross value added at basic prices (GVA) (current US$),2
"IFC, private nonguaranteed (NFL, US$)",2
"Industry (including construction), value added (% of GDP)",2
"Industry (including construction), value added (annual % growth)",2
"Industry (including construction), value added (constant 2015 US$)",2
"Industry (including construction), value added (constant LCU)",2
"Industry (including construction), value added (current LCU)",2
"Industry (including construction), value added (current US$)",2
"Industry (including construction), value added per worker (constant 2015 US$)",2
"Inflation, GDP deflator (annual %)",2
"Inflation, GDP deflator: linked series (annual %)",2
"Inflation, consumer prices (annual %)",2
Interest payments (% of expense),2
Interest payments (% of revenue),2
Interest payments (current LCU),2
Investment in ICT with private participation (current US$),2
Investment in energy with private participation (current US$),2
Investment in transport with private participation (current US$),2
Investment in water and sanitation with private participation (current US$),2
Machinery and transport equipment (% of value added in manufacturing),2
"Manufacturing, value added (% of GDP)",2
"Manufacturing, value added (annual % growth)",2
"Manufacturing, value added (constant 2015 US$)",2
"Manufacturing, value added (constant LCU)",2
"Manufacturing, value added (current LCU)",2
"Manufacturing, value added (current US$)",2
Market capitalization of listed domestic companies (% of GDP),2
Market capitalization of listed domestic companies (current US$),2
Medium and high-tech manufacturing value added (% manufacturing value added),2
Merchandise trade (% of GDP),2
Military expenditure (current LCU),2
Mineral rents (% of GDP),2
Monetary Sector credit to private sector (% GDP),2
Natural gas rents (% of GDP),2
Net ODA provided to the least developed countries (% of GNI),2
"Net ODA provided, to the least developed countries (current US$)",2
"Net ODA provided, total (% of GNI)",2
"Net ODA provided, total (constant 2021 US$)",2
"Net ODA provided, total (current US$)",2
Net ODA received (% of GNI),2
Net ODA received (% of central government expense),2
Net ODA received (% of gross capital formation),2
Net ODA received per capita (current US$),2
Net acquisition of financial assets (% of GDP),2
Net acquisition of financial assets (current LCU),2
Net domestic credit (current LCU),2
"Net financial flows, IBRD (NFL, current US$)",2
"Net financial flows, IDA (NFL, current US$)",2
"Net financial flows, IMF concessional (NFL, current US$)",2
"Net financial flows, IMF nonconcessional (NFL, current US$)",2
"Net financial flows, RDB concessional (NFL, current US$)",2
"Net financial flows, RDB nonconcessional (NFL, current US$)",2
"Net financial flows, bilateral (NFL, current US$)",2
"Net financial flows, multilateral (NFL, current US$)",2
"Net financial flows, others (NFL, current US$)",2
Net foreign assets (current LCU),2
"Net incurrence of liabilities, total (% of GDP)",2
"Net incurrence of liabilities, total (current LCU)",2
Net investment in nonfinancial assets (% of GDP),2
Net investment in nonfinancial assets (current LCU),2
Net lending (+) / net borrowing (-) (% of GDP),2
Net lending (+) / net borrowing (-) (current LCU),2
Net migration,2
Net primary income (Net income from abroad) (constant LCU),2
Net primary income (Net income from abroad) (current LCU),2
Net primary income (Net income from abroad) (current US$),2
Net secondary income (Net current transfers from abroad) (constant LCU),2
Net secondary income (Net current transfers from abroad) (current LCU),2
Net secondary income (Net current transfers from abroad) (current US$),2
"Official exchange rate (LCU per US$, period average)",2
Oil rents (% of GDP),2
Other expense (% of expense),2
Other expense (current LCU),2
Other manufacturing (% of value added in manufacturing),2
Other taxes (% of revenue),2
Other taxes (current LCU),2
"PNG, bonds (NFL, current US$)",2
"PNG, commercial banks and other creditors (NFL, current US$)",2
"PPG, bonds (NFL, current US$)",2
"PPG, commercial banks (NFL, current US$)",2
"PPG, official creditors (NFL, US$)",2
"PPG, other private creditors (NFL, current US$)",2
"PPG, private creditors (NFL, US$)",2
"PPP conversion factor, GDP (LCU per international $)",2
"PPP conversion factor, private consumption (LCU per international $)",2
"Personal remittances, received (% of GDP)",2
"Personal remittances, received (current US$)",2
"Portfolio investment, bonds (PPG + PNG) (NFL, current US$)",2
Prevalence of current tobacco use (% of adults),2
"Prevalence of current tobacco use, females (% of female adults)",2
"Prevalence of current tobacco use, males (% of male adults)",2
Price level index (GDP),2
Public private partnerships investment in ICT (current US$),2
Public private partnerships investment in energy (current US$),2
Public private partnerships investment in transport (current US$),2
Public private partnerships investment in water and sanitation (current US$),2
"Revenue, excluding grants (% of GDP)",2
"Revenue, excluding grants (current LCU)",2
S&P Global Equity Indices (annual % change),2
"Services, value added (% of GDP)",2
"Services, value added (annual % growth)",2
"Services, value added (constant 2015 US$)",2
"Services, value added (constant LCU)",2
"Services, value added (current LCU)",2
"Services, value added (current US$)",2
"Services, value added per worker (constant 2015 US$)",2
Social contributions (current LCU),2
"Stocks traded, total value (% of GDP)",2
Subsidies and other transfers (% of expense),2
Subsidies and other transfers (current LCU),2
Tax revenue (% of GDP),2
Tax revenue (current LCU),2
Taxes less subsidies on products (constant LCU),2
Taxes less subsidies on products (current LCU),2
Taxes less subsidies on products (current US$),2
Taxes on exports (% of tax revenue),2
Taxes on exports (current LCU),2
"Taxes on income, profits and capital gains (% of revenue)",2
"Taxes on income, profits and capital gains (current LCU)",2
Taxes on international trade (% of revenue),2
Taxes on international trade (current LCU),2
Terms of trade adjustment (constant LCU),2
Textiles and clothing (% of value added in manufacturing),2
Total natural resources rents (% of GDP),2
Trade (% of GDP),2
Trade in services (% of GDP),2
"Water productivity, total (constant 2015 US$ GDP per cubic meter of total freshwater withdrawal)",2
B-READY: Business Entry Pillar 1: Quality of Regulations for Business Entry,3
B-READY: Business Entry Pillar 2: Digital Public Services and Transparency of Information for Business Entry,3
B-READY: Business Entry Pillar 3: Operational Efficiency of Business Entry,3
B-READY: Business Entry: Overall Score,3
B-READY: Business Insolvency Pillar 1: Quality of Regulations for Judicial Insolvency Proceedings,3
B-READY: Business Insolvency Pillar 2: Quality of Institutional and Operational Infrastructure for Judicial Insolvency Proceedings,3
B-READY: Business Insolvency Pillar 3: Operational Efficiency of Resolving Judicial Insolvency Proceedings,3
B-READY: Business Insolvency: Overall Score,3
B-READY: Business Location Pillar 1: Quality of Regulations for Business Location,3
B-READY: Business Location Pillar 2: Quality of Public Services and Transparency of Information for Business Location,3
B-READY: Business Location Pillar 3: Operational Efficiency of Establishing a Business Location,3
B-READY: Business Location: Overall Score,3
B-READY: Dispute Resolution Pillar 1: Quality of Regulations for Dispute Resolution,3
B-READY: Dispute Resolution Pillar 2: Public Services for Dispute Resolution,3
B-READY: Dispute Resolution Pillar 3:  Ease of Resolving a Commercial Dispute,3
B-READY: Dispute Resolution: Overall Score,3
B-READY: Financial Services Pillar 1: Quality of Regulations for Financial Services,3
B-READY: Financial Services Pillar 2: Accessibility of Information in Credit Infrastructure,3
B-READY: Financial Services Pillar 3: Operational Efficiency of Receiving Financial Services,3
B-READY: Financial Services: Overall Score,3
B-READY: International Trade Pillar 1: Quality of Regulations for International Trade,3
B-READY: International Trade Pillar 2: Quality of Public Services for the Facilitation of International Trade,3
"B-READY: International Trade Pillar 3: Efficiency of Importing Goods, Exporting Goods, and Engaging in Digital Trade",3
B-READY: International Trade: Overall Score,3
B-READY: Labor Pillar 1: Quality of Labor Regulations,3
B-READY: Labor Pillar 2: Adequacy of Public Services for Labor,3
B-READY: Labor Pillar 3: Operational Efficiency of Labor Regulations and Public Services in Practice,3
B-READY: Labor: Overall Score,3
B-READY: Market Competition Pillar 1: Quality of Regulations that Promote Market Competition,3
B-READY: Market Competition Pillar 2: Public Services that Promote Market Competition,3
B-READY: Market Competition Pillar 3:  Implementation of Key Services Promoting Market Competition,3
B-READY: Market Competition: Overall Score,3
B-READY: Pillar 1: Regulatory Framework,3
B-READY: Pillar 2: Public Services,3
B-READY: Pillar 3: Operational Efficiency,3
B-READY: Taxation Pillar 1: Quality of Regulations on Taxation,3
B-READY: Taxation Pillar 2: Public Services Provided by the Tax Administration,3
B-READY: Taxation Pillar 3: Operational Efficiency of Tax Systems in Practice,3
B-READY: Taxation: Overall Score,3
B-READY: Utility Services Pillar 1: Quality of Regulations on Utility Services,3
B-READY: Utility Services Pillar 2: Quality of Governance and Transparency of Utility Services,3
B-READY: Utility Services Pillar 3: Operational Efficiency of Utility Service Provision,3
B-READY: Utility Services: Overall Score,3
Disaster risk reduction progress score (1-5 scale; 5=best),3
"Human capital index plus (HCI+): education pillar score, female (scale 0–188)",3
"Human capital index plus (HCI+): education pillar score, male (scale 0–188)",3
"Human capital index plus (HCI+): education pillar score, total (scale 0–188)",3
"Human capital index plus (HCI+): health pillar score, female (scale 0–50)",3
"Human capital index plus (HCI+): health pillar score, male (scale 0–50)",3
"Human capital index plus (HCI+): health pillar score, total (scale 0–50)",3
"Human capital index plus (HCI+): on-the-job learning pillar score, female (scale -30–87)",3
"Human capital index plus (HCI+): on-the-job learning pillar score, male (scale -30–87)",3
"Human capital index plus (HCI+): on-the-job learning pillar score, total (scale -30–87)",3
"Human capital index plus (HCI+): overall score, female (scale 0–325)",3
"Human capital index plus (HCI+): overall score, male (scale 0–325)",3
"Human capital index plus (HCI+): overall score, total (scale 0–325)",3
Statistical performance indicators (SPI): Overall score (scale 0-100),3
Statistical performance indicators (SPI): Pillar 1 data use score (scale 0-100),3
Statistical performance indicators (SPI): Pillar 2 data services score (scale 0-100),3
Statistical performance indicators (SPI): Pillar 3 data products score  (scale 0-100),3
Statistical performance indicators (SPI): Pillar 4 data sources score (scale 0-100),3
Statistical performance indicators (SPI): Pillar 5 data infrastructure score (scale 0-100),3
WBL: Enforcement Perceptions Index (scale 0-100),3
WBL: Legal Framework Index (scale 0-100),3
WBL: Supportive Framework Index (scale 0-100),3
ARI treatment (% of children under 5 taken to a health provider),4
"Adjusted net enrollment rate, primary (% of primary school age children)",4
"Adjusted net enrollment rate, primary, female (% of primary school age children)",4
"Adjusted net enrollment rate, primary, male (% of primary school age children)",4
Adults (ages 15+) and children (ages 0-14) newly infected with HIV,4
Adults (ages 15-49) newly infected with HIV,4
Antiretroviral therapy coverage for PMTCT (% of pregnant women living with HIV),4
"Average working hours of children, study and work, ages 7-14 (hours per week)",4
"Average working hours of children, study and work, female, ages 7-14 (hours per week)",4
"Average working hours of children, study and work, male, ages 7-14 (hours per week)",4
"Average working hours of children, working only, ages 7-14 (hours per week)",4
"Average working hours of children, working only, female, ages 7-14 (hours per week)",4
"Average working hours of children, working only, male, ages 7-14 (hours per week)",4
Child employment in agriculture (% of economically active children ages 7-14),4
"Child employment in agriculture, female (% of female economically active children ages 7-14)",4
"Child employment in agriculture, male (% of male economically active children ages 7-14)",4
Child employment in manufacturing (% of economically active children ages 7-14),4
"Child employment in manufacturing, female (% of female economically active children ages 7-14)",4
"Child employment in manufacturing, male (% of male economically active children ages 7-14)",4
Child employment in services (% of economically active children ages 7-14),4
"Child employment in services, female (% of female economically active children ages 7-14)",4
"Child employment in services, male (% of male economically active children ages 7-14)",4
Children (0-14) living with HIV,4
Children (ages 0-14) newly infected with HIV,4
"Children in employment, female (% of female children ages 7-14)",4
"Children in employment, male (% of male children ages 7-14)",4
"Children in employment, self-employed (% of children in employment, ages 7-14)",4
"Children in employment, self-employed, female (% of female children in employment, ages 7-14)",4
"Children in employment, self-employed, male (% of male children in employment, ages 7-14)",4
"Children in employment, study and work (% of children in employment, ages 7-14)",4
"Children in employment, study and work, female (% of female children in employment, ages 7-14)",4
"Children in employment, study and work, male (% of male children in employment, ages 7-14)",4
"Children in employment, total (% of children ages 7-14)",4
"Children in employment, unpaid family workers (% of children in employment, ages 7-14)",4
"Children in employment, unpaid family workers, female (% of female children in employment, ages 7-14)",4
"Children in employment, unpaid family workers, male (% of male children in employment, ages 7-14)",4
"Children in employment, wage workers (% of children in employment, ages 7-14)",4
"Children in employment, wage workers, female (% of female children in employment, ages 7-14)",4
"Children in employment, wage workers, male (% of male children in employment, ages 7-14)",4
"Children in employment, work only (% of children in employment, ages 7-14)",4
"Children in employment, work only, female (% of female children in employment, ages 7-14)",4
"Children in employment, work only, male (% of male children in employment, ages 7-14)",4
Children out of school (% of primary school age),4
"Children out of school, female (% of female primary school age)",4
"Children out of school, male (% of male primary school age)",4
"Children out of school, primary",4
"Children out of school, primary, female",4
"Children out of school, primary, male",4
Children with fever receiving antimalarial drugs (% of children under age 5 with fever),4
"Contraceptive prevalence, any method (% of married women ages 15-49)",4
"Contraceptive prevalence, any modern method (% of married women ages 15-49)",4
Demand for family planning satisfied by modern methods (% of married women with demand for family planning),4
Diarrhea treatment (% of children under 5 receiving oral rehydration and continued feeding),4
Diarrhea treatment (% of children under 5 who received ORS packet),4
Exclusive breastfeeding (% of children under 6 months),4
Female genital mutilation prevalence (%),4
Female primary school age children out-of-school (%),4
"Immunization, DPT (% of children ages 12-23 months)",4
"Immunization, HepB3 (% of one-year-old children)",4
"Immunization, measles (% of children ages 12-23 months)",4
Learning poverty: Share of Children at the End-of-Primary age below minimum reading proficiency adjusted by Out-of-School Children (%),4
Learning poverty: Share of Female Children at the End-of-Primary age below minimum reading proficiency adjusted by Out-of-School Children (%),4
Learning poverty: Share of Male Children at the End-of-Primary age below minimum reading proficiency adjusted by Out-of-School Children (%),4
Male primary school age children out-of-school (%),4
Pregnant women receiving prenatal care (%),4
"Prevalence of HIV, female (% ages 15-24)",4
"Prevalence of HIV, male (% ages 15-24)",4
Prevalence of anemia among children (% of children ages 6-59 months),4
Prevalence of anemia among non-pregnant women (% of women ages 15-49),4
Prevalence of anemia among pregnant women (%),4
Prevalence of anemia among women of reproductive age (% of women ages 15-49),4
Prevalence of moderate or severe food insecurity in the population (%),4
"Prevalence of overweight (modeled estimate, % of children under 5)",4
"Prevalence of overweight, female (modeled estimate, % of children under 5)",4
"Prevalence of overweight, male (modeled estimate, % of children under 5)",4
"Prevalence of overweight, weight for height (% of children under 5)",4
"Prevalence of overweight, weight for height, female (% of children under 5)",4
"Prevalence of overweight, weight for height, male (% of children under 5)",4
Prevalence of severe food insecurity in the population (%),4
"Prevalence of severe wasting, weight for height (% of children under 5)",4
"Prevalence of severe wasting, weight for height, female (% of children under 5)",4
"Prevalence of severe wasting, weight for height, male (% of children under 5)",4
"Prevalence of stunting, height for age (% of children under 5)",4
"Prevalence of stunting, height for age (modeled estimate, % of children under 5)",4
"Prevalence of stunting, height for age, female (% of children under 5)",4
"Prevalence of stunting, height for age, female (modeled estimate, % of children under 5)",4
"Prevalence of stunting, height for age, male (% of children under 5)",4
"Prevalence of stunting, height for age, male (modeled estimate, % of children under 5)",4
"Prevalence of underweight, weight for age (% of children under 5)",4
"Prevalence of underweight, weight for age, female (% of children under 5)",4
"Prevalence of underweight, weight for age, male (% of children under 5)",4
"Prevalence of wasting, weight for height (% of children under 5)",4
"Prevalence of wasting, weight for height, female (% of children under 5)",4
"Prevalence of wasting, weight for height, male (% of children under 5)",4
Primary school age children out-of-school (%),4
"Probability of dying among children ages 5-9 years (per 1,000)",4
Proportion of women subjected to physical and/or sexual violence in the last 12 months (% of ever-partnered women ages 15-49),4
Teenage mothers (% of women ages 15-19 who have had children or are currently pregnant),4
Unmet need for contraception (% of married women ages 15-49),4
Vitamin A supplementation coverage rate (% of children ages 6-59 months),4
"Women making their own informed decisions regarding sexual relations, contraceptive use and reproductive health care (% of women age 15-49)",4
"Women participating in the three decisions (own health care, major household purchases, and visiting family) (% of women age 15-49)",4
Women who were first married by age 15 (% of women ages 20-24),4
Women who were first married by age 18 (% of women ages 20-24),4
Armed forces personnel (% of total labor force),5
"Contributing family workers, female (% of female employment) (modeled ILO estimate)",5
"Contributing family workers, male (% of male employment) (modeled ILO estimate)",5
"Contributing family workers, total (% of total employment) (modeled ILO estimate)",5
"Employers, female (% of female employment) (modeled ILO estimate)",5
"Employers, male (% of male employment) (modeled ILO estimate)",5
"Employers, total (% of total employment) (modeled ILO estimate)",5
Employment in agriculture (% of total employment) (modeled ILO estimate),5
"Employment in agriculture, female (% of female employment) (modeled ILO estimate)",5
"Employment in agriculture, male (% of male employment) (modeled ILO estimate)",5
Employment in industry (% of total employment) (modeled ILO estimate),5
"Employment in industry, female (% of female employment) (modeled ILO estimate)",5
"Employment in industry, male (% of male employment) (modeled ILO estimate)",5
Employment in services (% of total employment) (modeled ILO estimate),5
"Employment in services, female (% of female employment) (modeled ILO estimate)",5
"Employment in services, male (% of male employment) (modeled ILO estimate)",5
"Employment to population ratio, 15+, female (%) (modeled ILO estimate)",5
"Employment to population ratio, 15+, female (%) (national estimate)",5
"Employment to population ratio, 15+, male (%) (modeled ILO estimate)",5
"Employment to population ratio, 15+, male (%) (national estimate)",5
"Employment to population ratio, 15+, total (%) (modeled ILO estimate)",5
"Employment to population ratio, 15+, total (%) (national estimate)",5
"Employment to population ratio, ages 15-24, female (%) (modeled ILO estimate)",5
"Employment to population ratio, ages 15-24, female (%) (national estimate)",5
"Employment to population ratio, ages 15-24, male (%) (modeled ILO estimate)",5
"Employment to population ratio, ages 15-24, male (%) (national estimate)",5
"Employment to population ratio, ages 15-24, total (%) (modeled ILO estimate)",5
"Employment to population ratio, ages 15-24, total (%) (national estimate)",5
Female share of employment in senior and middle management (%),5
"Labor force participation rate for ages 15-24, female (%) (modeled ILO estimate)",5
"Labor force participation rate for ages 15-24, female (%) (national estimate)",5
"Labor force participation rate for ages 15-24, male (%) (modeled ILO estimate)",5
"Labor force participation rate for ages 15-24, male (%) (national estimate)",5
"Labor force participation rate for ages 15-24, total (%) (modeled ILO estimate)",5
"Labor force participation rate for ages 15-24, total (%) (national estimate)",5
"Labor force participation rate, female (% of female population ages 15+) (modeled ILO estimate)",5
"Labor force participation rate, female (% of female population ages 15+) (national estimate)",5
"Labor force participation rate, female (% of female population ages 15-64) (modeled ILO estimate)",5
"Labor force participation rate, male (% of male population ages 15+) (modeled ILO estimate)",5
"Labor force participation rate, male (% of male population ages 15+) (national estimate)",5
"Labor force participation rate, male (% of male population ages 15-64) (modeled ILO estimate)",5
"Labor force participation rate, total (% of total population ages 15+) (modeled ILO estimate)",5
"Labor force participation rate, total (% of total population ages 15+) (national estimate)",5
"Labor force participation rate, total (% of total population ages 15-64) (modeled ILO estimate)",5
"Labor force, female (% of total labor force)",5
"Labor force, total",5
"Part time employment, female (% of total female employment)",5
"Part time employment, male (% of total male employment)",5
"Part time employment, total (% of total employment)",5
Ratio of female to male labor force participation rate (%) (modeled ILO estimate),5
Ratio of female to male labor force participation rate (%) (national estimate),5
"Self-employed, female (% of female employment) (modeled ILO estimate)",5
"Self-employed, male (% of male employment) (modeled ILO estimate)",5
"Self-employed, total (% of total employment) (modeled ILO estimate)",5
"Share of youth not in education, employment or training, female (% of female youth population) (modeled ILO estimate)",5
"Share of youth not in education, employment or training, male (% of male youth population) (modeled ILO estimate)",5
"Share of youth not in education, employment or training, total (% of youth population) (modeled ILO estimate)",5
"Unemployment, female (% of female labor force) (modeled ILO estimate)",5
"Unemployment, female (% of female labor force) (national estimate)",5
"Unemployment, male (% of male labor force) (modeled ILO estimate)",5
"Unemployment, male (% of male labor force) (national estimate)",5
"Unemployment, total (% of total labor force) (modeled ILO estimate)",5
"Unemployment, total (% of total labor force) (national estimate)",5
"Unemployment, youth female (% of female labor force ages 15-24) (modeled ILO estimate)",5
"Unemployment, youth female (% of female labor force ages 15-24) (national estimate)",5
"Unemployment, youth male (% of male labor force ages 15-24) (modeled ILO estimate)",5
"Unemployment, youth male (% of male labor force ages 15-24) (national estimate)",5
"Unemployment, youth total (% of total labor force ages 15-24) (modeled ILO estimate)",5
"Unemployment, youth total (% of total labor force ages 15-24) (national estimate)",5
"Vulnerable employment, female (% of female employment) (modeled ILO estimate)",5
"Vulnerable employment, male (% of male employment) (modeled ILO estimate)",5
"Vulnerable employment, total (% of total employment) (modeled ILO estimate)",5
"Wage and salaried workers, female (% of female employment) (modeled ILO estimate)",5
"Wage and salaried workers, male (% of male employment) (modeled ILO estimate)",5
"Wage and salaried workers, total (% of total employment) (modeled ILO estimate)",5
"Computer, communications and other services (% of commercial service exports)",6
"Computer, communications and other services (% of commercial service imports)",6
"Debt service (PPG and IMF only, % of exports of goods, services and primary income)",6
Exports of goods and services (% of GDP),6
"Exports of goods and services (BoP, current US$)",6
Exports of goods and services (annual % growth),6
Exports of goods and services (constant 2015 US$),6
Exports of goods and services (constant LCU),6
Exports of goods and services (current LCU),6
Exports of goods and services (current US$),6
"Exports of goods, services and primary income (BoP, current US$)",6
External balance on goods and services (% of GDP),6
External balance on goods and services (constant LCU),6
External balance on goods and services (current LCU),6
External balance on goods and services (current US$),6
Goods and services expense (% of expense),6
Goods and services expense (current LCU),6
ICT goods exports (% of total goods exports),6
ICT goods imports (% total goods imports),6
Imports of goods and services (% of GDP),6
"Imports of goods and services (BoP, current US$)",6
Imports of goods and services (annual % growth),6
Imports of goods and services (constant 2015 US$),6
Imports of goods and services (constant LCU),6
Imports of goods and services (current LCU),6
Imports of goods and services (current US$),6
"Imports of goods, services and primary income (BoP, current US$)",6
Insurance and financial services (% of commercial service exports),6
Insurance and financial services (% of commercial service imports),6
"Net ODA received (% of imports of goods, services and primary income)",6
"Net trade in goods and services (BoP, current US$)",6
"Present value of external debt (% of exports of goods, services and primary income)",6
"Public and publicly guaranteed debt service (% of exports of goods, services and primary income)",6
"Railways, goods transported (million ton-km)",6
"Short-term debt (% of exports of goods, services and primary income)",6
Taxes on goods and services (% of revenue),6
Taxes on goods and services (% value added of industry and services),6
Taxes on goods and services (current LCU),6
"Total debt service (% of exports of goods, services and primary income)",6
Transport services (% of commercial service exports),6
Transport services (% of commercial service imports),6
Travel services (% of commercial service exports),6
Travel services (% of commercial service imports),6
Agricultural raw materials exports (% of merchandise exports),7
Agricultural raw materials imports (% of merchandise imports),7
Arms exports (SIPRI trend indicator values),7
Arms imports (SIPRI trend indicator values),7
Average time to clear exports through customs (days),7
CPIA building human resources rating (1=low to 6=high),7
CPIA business regulatory environment rating (1=low to 6=high),7
CPIA debt policy rating (1=low to 6=high),7
CPIA economic management cluster average (1=low to 6=high),7
CPIA efficiency of revenue mobilization rating (1=low to 6=high),7
CPIA equity of public resource use rating (1=low to 6=high),7
CPIA financial sector rating (1=low to 6=high),7
CPIA fiscal policy rating (1=low to 6=high),7
CPIA gender equality rating (1=low to 6=high),7
CPIA macroeconomic management rating (1=low to 6=high),7
CPIA policies for social inclusion/equity cluster average (1=low to 6=high),7
CPIA policy and institutions for environmental sustainability rating (1=low to 6=high),7
CPIA property rights and rule-based governance rating (1=low to 6=high),7
CPIA public sector management and institutions cluster average (1=low to 6=high),7
CPIA quality of budgetary and financial management rating (1=low to 6=high),7
CPIA quality of public administration rating (1=low to 6=high),7
CPIA social protection rating (1=low to 6=high),7
CPIA structural policies cluster average (1=low to 6=high),7
CPIA trade rating (1=low to 6=high),7
"CPIA transparency, accountability, and corruption in the public sector rating (1=low to 6=high)",7
Food exports (% of merchandise exports),7
Food imports (% of merchandise imports),7
Fuel exports (% of merchandise exports),7
Fuel imports (% of merchandise imports),7
High-technology exports (% of manufactured exports),7
High-technology exports (current US$),7
IDA resource allocation index (1=low to 6=high),7
Logistics performance index: Ability to track and trace consignments (1=low to 5=high),7
Logistics performance index: Competence and quality of logistics services (1=low to 5=high),7
Logistics performance index: Ease of arranging competitively priced shipments (1=low to 5=high),7
Logistics performance index: Efficiency of customs clearance process (1=low to 5=high),7
Logistics performance index: Frequency with which shipments reach consignee within scheduled or expected time (1=low to 5=high),7
Logistics performance index: Overall (1=low to 5=high),7
Logistics performance index: Quality of trade and transport-related infrastructure (1=low to 5=high),7
Low-birthweight babies (% of births),7
Manufactures exports (% of merchandise exports),7
Manufactures imports (% of merchandise imports),7
Medium and high-tech exports (% manufactured exports),7
Merchandise exports (current US$),7
Merchandise exports by the reporting economy (current US$),7
"Merchandise exports by the reporting economy, residual (% of total merchandise exports)",7
Merchandise exports to economies in the Arab World (% of total merchandise exports),7
Merchandise exports to high-income economies (% of total merchandise exports),7
Merchandise exports to low- and middle-income economies in East Asia & Pacific (% of total merchandise exports),7
Merchandise exports to low- and middle-income economies in Europe & Central Asia (% of total merchandise exports),7
Merchandise exports to low- and middle-income economies in Latin America & the Caribbean (% of total merchandise exports),7
Merchandise exports to low- and middle-income economies in Middle East & North Africa (% of total merchandise exports),7
Merchandise exports to low- and middle-income economies in South Asia (% of total merchandise exports),7
Merchandise exports to low- and middle-income economies in Sub-Saharan Africa (% of total merchandise exports),7
Merchandise exports to low- and middle-income economies outside region (% of total merchandise exports),7
Merchandise exports to low- and middle-income economies within region (% of total merchandise exports),7
Merchandise imports (current US$),7
Merchandise imports by the reporting economy (current US$),7
"Merchandise imports by the reporting economy, residual (% of total merchandise imports)",7
Merchandise imports from economies in the Arab World (% of total merchandise imports),7
Merchandise imports from high-income economies (% of total merchandise imports),7
Merchandise imports from low- and middle-income economies in East Asia & Pacific (% of total merchandise imports),7
Merchandise imports from low- and middle-income economies in Europe & Central Asia (% of total merchandise imports),7
Merchandise imports from low- and middle-income economies in Latin America & the Caribbean (% of total merchandise imports),7
Merchandise imports from low- and middle-income economies in Middle East & North Africa (% of total merchandise imports),7
Merchandise imports from low- and middle-income economies in South Asia (% of total merchandise imports),7
Merchandise imports from low- and middle-income economies in Sub-Saharan Africa (% of total merchandise imports),7
Merchandise imports from low- and middle-income economies outside region (% of total merchandise imports),7
Merchandise imports from low- and middle-income economies within region (% of total merchandise imports),7
Ores and metals exports (% of merchandise exports),7
Ores and metals imports (% of merchandise imports),7
Adjusted savings: education expenditure (current US$),8
"Compulsory education, duration (years)",8
Consumption of iodized salt (% of households),8
"Current education expenditure, primary (% of total expenditure in primary public institutions)",8
"Current education expenditure, secondary (% of total expenditure in secondary public institutions)",8
"Current education expenditure, tertiary (% of total expenditure in tertiary public institutions)",8
"Current education expenditure, total (% of total expenditure in public institutions)",8
Current health expenditure (% of GDP),8
Current health expenditure per capita (current US$),8
"Current health expenditure per capita, PPP (current international $)",8
Domestic general government health expenditure (% of GDP),8
Domestic general government health expenditure (% of current health expenditure),8
Domestic general government health expenditure (% of general government expenditure),8
Domestic general government health expenditure per capita (current US$),8
"Domestic general government health expenditure per capita, PPP (current international $)",8
Domestic private health expenditure (% of current health expenditure),8
Domestic private health expenditure per capita (current US$),8
"Domestic private health expenditure per capita, PPP (current international $)",8
Electric power consumption (kWh per capita),8
Expenditure on primary education (% of government expenditure on education),8
Expenditure on secondary education (% of government expenditure on education),8
Expenditure on tertiary education (% of government expenditure on education),8
External health expenditure (% of current health expenditure),8
External health expenditure per capita (current US$),8
"External health expenditure per capita, PPP (current international $)",8
Female headed households (% of households with a female head),8
Final consumption expenditure (% of GDP),8
Final consumption expenditure (annual % growth),8
Final consumption expenditure (constant 2015 US$),8
Final consumption expenditure (constant LCU),8
Final consumption expenditure (current LCU),8
Final consumption expenditure (current US$),8
General government final consumption expenditure (% of GDP),8
General government final consumption expenditure (annual % growth),8
General government final consumption expenditure (constant 2015 US$),8
General government final consumption expenditure (constant LCU),8
General government final consumption expenditure (current LCU),8
General government final consumption expenditure (current US$),8
"Government expenditure on education, total (% of GDP)",8
"Government expenditure on education, total (% of government expenditure)",8
"Government expenditure per student, primary (% of GDP per capita)",8
"Government expenditure per student, secondary (% of GDP per capita)",8
"Government expenditure per student, tertiary (% of GDP per capita)",8
Gross national expenditure (% of GDP),8
Gross national expenditure (constant 2015 US$),8
Gross national expenditure (current US$),8
Gross national expenditure deflator (base year varies by country),8
Households and NPISHs Final consumption expenditure (annual % growth),8
Households and NPISHs Final consumption expenditure (constant 2015 US$),8
Households and NPISHs Final consumption expenditure (constant LCU),8
Households and NPISHs Final consumption expenditure (current LCU),8
Households and NPISHs Final consumption expenditure (current US$),8
Households and NPISHs Final consumption expenditure per capita (constant 2015 US$),8
Households and NPISHs Final consumption expenditure per capita growth (annual %),8
"Households and NPISHs Final consumption expenditure per capita, PPP (constant 2021 international $)",8
"Households and NPISHs Final consumption expenditure per capita, PPP (current international $)",8
"Households and NPISHs Final consumption expenditure, PPP (constant 2021 international $)",8
"Households and NPISHs Final consumption expenditure, PPP (current international $)",8
Households and NPISHs final consumption expenditure (% of GDP),8
Households and NPISHs final consumption expenditure: linked series (current LCU),8
Labor force with advanced education (% of total working-age population with advanced education),8
"Labor force with advanced education, female (% of female working-age population with advanced education)",8
"Labor force with advanced education, male (% of male working-age population with advanced education)",8
Labor force with basic education (% of total working-age population with basic education),8
"Labor force with basic education, female (% of female working-age population with basic education)",8
"Labor force with basic education, male (% of male working-age population with basic education)",8
Labor force with intermediate education (% of total working-age population with intermediate education),8
"Labor force with intermediate education, female (% of female working-age population with intermediate education)",8
"Labor force with intermediate education, male (% of male working-age population with intermediate education)",8
Military expenditure (% of GDP),8
Military expenditure (% of general government expenditure),8
Military expenditure (current USD),8
Out-of-pocket expenditure (% of current health expenditure),8
Out-of-pocket expenditure per capita (current US$),8
"Out-of-pocket expenditure per capita, PPP (current international $)",8
"Preprimary education, duration (years)",8
Price level index (Households and NPISHs Final consumption expenditure),8
"Primary education, duration (years)",8
"Primary education, pupils",8
"Primary education, pupils (% female)",8
"Primary education, teachers",8
"Primary education, teachers (% female)",8
Primary government expenditures as a proportion of original approved budget (%),8
Proportion of population facing financial hardship due to out-of-pocket health expenditure (%),8
"Proportion of population facing impoverishing out-of-pocket health expenditure, based on the societal poverty line (%)",8
Proportion of population facing large (but non-impoverishing) out-of-pocket health expenditure (%),8
"Proportion of population further impoverished due to out-of-pocket health expenditure, based on the societal poverty line (%)",8
Proportion of population pushed into poverty (based on the societal poverty line) due to out-of-pocket health expenditure (%),8
Research and development expenditure (% of GDP),8
"Secondary education, duration (years)",8
"Secondary education, general pupils",8
"Secondary education, general pupils (% female)",8
"Secondary education, pupils",8
"Secondary education, pupils (% female)",8
"Secondary education, teachers",8
"Secondary education, teachers (% female)",8
"Secondary education, teachers, female",8
"Secondary education, vocational pupils",8
"Secondary education, vocational pupils (% female)",8
"Tertiary education, academic staff (% female)",8
Trained teachers in lower secondary education (% of total teachers),8
"Trained teachers in lower secondary education, female (% of female teachers)",8
"Trained teachers in lower secondary education, male (% of male teachers)",8
Trained teachers in preprimary education (% of total teachers),8
"Trained teachers in preprimary education, female (% of female teachers)",8
"Trained teachers in preprimary education, male (% of male teachers)",8
Trained teachers in primary education (% of total teachers),8
"Trained teachers in primary education, female (% of female teachers)",8
"Trained teachers in primary education, male (% of male teachers)",8
Trained teachers in secondary education (% of total teachers),8
"Trained teachers in secondary education, female (% of female teachers)",8
"Trained teachers in secondary education, male (% of male teachers)",8
Trained teachers in upper secondary education (% of total teachers),8
"Trained teachers in upper secondary education, female (% of female teachers)",8
"Trained teachers in upper secondary education, male (% of male teachers)",8
Unemployment with advanced education (% of total labor force with advanced education),8
"Unemployment with advanced education, female (% of female labor force with advanced education)",8
"Unemployment with advanced education, male (% of male labor force with advanced education)",8
Unemployment with basic education (% of total labor force with basic education),8
"Unemployment with basic education, female (% of female labor force with basic education)",8
"Unemployment with basic education, male (% of male labor force with basic education)",8
Unemployment with intermediate education (% of total labor force with intermediate education),8
"Unemployment with intermediate education, female (% of female labor force with intermediate education)",8
"Unemployment with intermediate education, male (% of male labor force with intermediate education)",8
"Adolescent fertility rate (births per 1,000 women ages 15-19)",9
Antiretroviral therapy coverage (% of people living with HIV),9
"Automated teller machines (ATMs) (per 100,000 adults)",9
Battle-related deaths (number of people),9
"Birth rate, crude (per 1,000 people)",9
"Borrowers from commercial banks (per 1,000 adults)",9
"Bound rate, simple mean, all products (%)",9
"Bound rate, simple mean, manufactured products (%)",9
"Bound rate, simple mean, primary products (%)",9
Bribery incidence (% of firms experiencing at least one bribe payment request),9
"Commercial bank branches (per 100,000 adults)",9
"Community health workers (per 1,000 people)",9
Consumer price index (2010 = 100),9
Crop production index (2014-2016 = 100),9
"Death rate, crude (per 1,000 people)",9
Deposit interest rate (%),9
"Depositors with commercial banks (per 1,000 adults)",9
"Fertility rate, total (births per woman)",9
Firms adopting energy management measures to reduce emissions (% of firms),9
Firms competing against unregistered firms (% of firms),9
Firms expected to give gifts in meetings with tax officials (% of firms),9
Firms experiencing electrical outages (% of firms),9
Firms exporting directly at least 10% of sales (% of firms),9
Firms filling taxes electronically (% of firms),9
Firms formally registered when operations started (% of firms),9
Firms monitoring own CO2 emissions (% of firms),9
Firms offering formal training (% of firms),9
Firms that are fully credit constrained (% of firms),9
Firms that are partially credit constrained (% of firms),9
"Firms that introduced a new product/service and process, and spent on R&D",9
Firms that use a third party to resolve commercial disputes (% of firms),9
Firms using banks to finance investment (% of firms),9
Firms using banks to finance working capital (% of firms),9
Firms visited or required meetings with tax officials (% of firms),9
Firms where largest owner is also the top manager (% of firms),9
Firms with a bank loan/line of credit (% of firms),9
Firms with at least 10% foreign ownership,9
Firms with female participation in ownership (% of firms),9
Firms with female top manager (% of firms),9
Fixed broadband subscriptions,9
Fixed broadband subscriptions (per 100 people),9
Fixed telephone subscriptions,9
Fixed telephone subscriptions (per 100 people),9
Food production index (2014-2016 = 100),9
Forcibly displaced people,9
"Hospital beds (per 1,000 people)",9
"Incidence of HIV, all (per 1,000 uninfected population)",9
"Incidence of malaria (per 1,000 population at risk)",9
"Incidence of tuberculosis (per 100,000 people)",9
Informal payments to public officials (% of firms),9
"Intentional homicides (per 100,000 people)",9
"Intentional homicides, female (per 100,000 female)",9
"Intentional homicides, male (per 100,000 male)",9
"Interest rate spread (lending rate minus deposit rate, %)",9
"Internally displaced persons, new displacement associated with conflict and violence (number of cases)",9
"Internally displaced persons, new displacement associated with disasters (number of cases)",9
Lending interest rate (%),9
Lifetime risk of maternal death (%),9
Lifetime risk of maternal death (1 in: rate varies by country),9
Liner shipping connectivity index (maximum value in 2004 = 100),9
"Literacy rate, adult female (% of females ages 15 and above)",9
"Literacy rate, adult male (% of males ages 15 and above)",9
"Literacy rate, adult total (% of people ages 15 and above)",9
"Literacy rate, youth (ages 15-24), gender parity index (GPI)",9
"Literacy rate, youth female (% of females ages 15-24)",9
"Literacy rate, youth male (% of males ages 15-24)",9
"Literacy rate, youth total (% of people ages 15-24)",9
Livestock production index (2014-2016 = 100),9
"Maternal mortality ratio (modeled estimate, per 100,000 live births)",9
"Maternal mortality ratio (national estimate, per 100,000 live births)",9
Mobile cellular subscriptions,9
Mobile cellular subscriptions (per 100 people),9
"Mortality caused by road traffic injury (per 100,000 population)",9
"Mortality rate attributed to household and ambient air pollution, age-standardized (per 100,000 population)",9
"Mortality rate attributed to household and ambient air pollution, age-standardized, female (per 100,000 female population)",9
"Mortality rate attributed to household and ambient air pollution, age-standardized, male (per 100,000 male population)",9
"Mortality rate attributed to unintentional poisoning (per 100,000 population)",9
"Mortality rate attributed to unintentional poisoning, female (per 100,000 female population)",9
"Mortality rate attributed to unintentional poisoning, male (per 100,000 male population)",9
"Mortality rate attributed to unsafe water, unsafe sanitation and lack of hygiene (per 100,000 population)",9
"Mortality rate, adult, female (per 1,000 female adults)",9
"Mortality rate, adult, male (per 1,000 male adults)",9
"Mortality rate, infant (per 1,000 live births)",9
"Mortality rate, infant, female (per 1,000 live births)",9
"Mortality rate, infant, male (per 1,000 live births)",9
"Mortality rate, neonatal (per 1,000 live births)",9
"Mortality rate, under-5 (per 1,000 live births)",9
"Mortality rate, under-5, female (per 1,000 live births)",9
"Mortality rate, under-5, male (per 1,000 live births)",9
"New business density (new registrations per 1,000 people ages 15-64)",9
New businesses registered (number),9
Number of deaths ages 10-14 years,9
Number of deaths ages 15-19 years,9
Number of deaths ages 20-24 years,9
Number of deaths ages 5-9 years,9
Number of infant deaths,9
Number of maternal deaths,9
Number of neonatal deaths,9
"Number of surgical procedures (per 100,000 population)",9
Number of under-five deaths,9
Number of visits or required meetings with tax officials (average for affected firms),9
"Nurses and midwives (per 1,000 people)",9
"Physicians (per 1,000 people)",9
"Probability of dying among adolescents ages 10-14 years (per 1,000)",9
"Probability of dying among adolescents ages 15-19 years (per 1,000)",9
"Probability of dying among youth ages 20-24 years (per 1,000)",9
Proportion of people living below 50 percent of median income (%),9
Real effective exchange rate index (2010 = 100),9
Real interest rate (%),9
Researchers in R&D (per million people),9
Risk of catastrophic expenditure for surgical care (% of people at risk),9
Risk of impoverishing expenditure for surgical care (% of people at risk),9
"Risk premium on lending (lending rate minus treasury bill rate, %)",9
Secure Internet servers,9
Secure Internet servers (per 1 million people),9
"Specialist surgical workforce (per 100,000 population)",9
"Suicide mortality rate (per 100,000 population)",9
"Suicide mortality rate, female (per 100,000 female population)",9
"Suicide mortality rate, male (per 100,000 male population)",9
"Tariff rate, applied, simple mean, all products (%)",9
"Tariff rate, applied, simple mean, manufactured products (%)",9
"Tariff rate, applied, simple mean, primary products (%)",9
"Tariff rate, applied, weighted mean, all products (%)",9
"Tariff rate, applied, weighted mean, manufactured products (%)",9
"Tariff rate, applied, weighted mean, primary products (%)",9
"Tariff rate, most favored nation, simple mean, all products (%)",9
"Tariff rate, most favored nation, simple mean, manufactured products (%)",9
"Tariff rate, most favored nation, simple mean, primary products (%)",9
"Tariff rate, most favored nation, weighted mean, all products (%)",9
"Tariff rate, most favored nation, weighted mean, manufactured products (%)",9
"Tariff rate, most favored nation, weighted mean, primary products (%)",9
Technicians in R&D (per million people),9
"Tuberculosis case detection rate (%, all forms)",9
Tuberculosis treatment success rate (% of new cases),9
Value lost due to electrical outages (% of sales for affected firms),9
Wanted fertility rate (births per woman),9
Wholesale price index (2010 = 100),9
Young people (ages 15-24) newly infected with HIV,9
"Net bilateral aid flows from DAC donors, Australia (current US$)",10
"Net bilateral aid flows from DAC donors, Austria (current US$)",10
"Net bilateral aid flows from DAC donors, Belgium (current US$)",10
"Net bilateral aid flows from DAC donors, Canada (current US$)",10
"Net bilateral aid flows from DAC donors, Czechia (current US$)",10
"Net bilateral aid flows from DAC donors, Denmark (current US$)",10
"Net bilateral aid flows from DAC donors, Estonia (current US$)",10
"Net bilateral aid flows from DAC donors, European Union institutions (current US$)",10
"Net bilateral aid flows from DAC donors, Finland (current US$)",10
"Net bilateral aid flows from DAC donors, France (current US$)",10
"Net bilateral aid flows from DAC donors, Germany (current US$)",10
"Net bilateral aid flows from DAC donors, Greece (current US$)",10
"Net bilateral aid flows from DAC donors, Hungary (current US$)",10
"Net bilateral aid flows from DAC donors, Iceland (current US$)",10
"Net bilateral aid flows from DAC donors, Ireland (current US$)",10
"Net bilateral aid flows from DAC donors, Italy (current US$)",10
"Net bilateral aid flows from DAC donors, Japan (current US$)",10
"Net bilateral aid flows from DAC donors, Korea, Rep. (current US$)",10
"Net bilateral aid flows from DAC donors, Lithuania (current US$)",10
"Net bilateral aid flows from DAC donors, Luxembourg (current US$)",10
"Net bilateral aid flows from DAC donors, Netherlands (current US$)",10
"Net bilateral aid flows from DAC donors, New Zealand (current US$)",10
"Net bilateral aid flows from DAC donors, Norway (current US$)",10
"Net bilateral aid flows from DAC donors, Poland (current US$)",10
"Net bilateral aid flows from DAC donors, Portugal (current US$)",10
"Net bilateral aid flows from DAC donors, Slovak Republic (current US$)",10
"Net bilateral aid flows from DAC donors, Slovenia (current US$)",10
"Net bilateral aid flows from DAC donors, Spain (current US$)",10
"Net bilateral aid flows from DAC donors, Sweden (current US$)",10
"Net bilateral aid flows from DAC donors, Switzerland (current US$)",10
"Net bilateral aid flows from DAC donors, Total (current US$)",10
"Net bilateral aid flows from DAC donors, United Kingdom (current US$)",10
"Net bilateral aid flows from DAC donors, United States (current US$)",10
Access to clean fuels and technologies for cooking (% of population),11
"Access to clean fuels and technologies for cooking, rural (% of rural population)",11
"Access to clean fuels and technologies for cooking, urban (% of urban population)",11
Access to electricity (% of population),11
"Access to electricity, rural (% of rural population)",11
"Access to electricity, urban (% of urban population)",11
Adequacy of social insurance programs (% of total welfare of beneficiary households),11
Adequacy of social protection and labor programs (% of total welfare of beneficiary households),11
Adequacy of social safety net programs (% of total welfare of beneficiary households),11
Adequacy of unemployment benefits and ALMP (% of total welfare of beneficiary households),11
Age dependency ratio (% of working-age population),11
"Age dependency ratio, old (% of working-age population)",11
"Age dependency ratio, young (% of working-age population)",11
Agricultural irrigated land (% of total agricultural land),11
Agricultural land (% of land area),11
Agricultural land (sq. km),11
"Air transport, freight (million ton-km)",11
"Air transport, passengers carried",11
"Air transport, registered carrier departures worldwide",11
Alternative and nuclear energy (% of total energy use),11
"Annualized average growth rate in per capita real survey mean consumption or income, bottom 40% of population (%)",11
"Annualized average growth rate in per capita real survey mean consumption or income, total population (%)",11
Arable land (% of land area),11
Arable land (hectares per person),11
Arable land (hectares),11
"Armed forces personnel, total",11
Asylum-seekers by country or territory of asylum,11
Asylum-seekers by country or territory of origin,11
Average precipitation in depth (mm per year),11
Average time to clear imports through customs (days),11
Average transaction cost of sending remittances from a specific country (%),11
Average transaction cost of sending remittances to a specific country (%),11
Bank capital to assets ratio (%),11
Bank liquid reserves to bank assets ratio (%),11
Bank nonperforming loans to total gross loans (%),11
Benefit incidence of social insurance programs to poorest quintile (% of total social insurance benefits),11
Benefit incidence of social protection and labor programs to poorest quintile (% of total SPL benefits),11
Benefit incidence of social safety net programs to poorest quintile (% of total safety net benefits),11
Benefit incidence of unemployment benefits and ALMP to poorest quintile (% of total U/ALMP benefits),11
"Binding coverage, all products (%)",11
"Binding coverage, manufactured products (%)",11
"Binding coverage, primary products (%)",11
Births attended by skilled health staff (% of total),11
Broad money to total reserves ratio,11
"Cause of death, by communicable diseases and maternal, prenatal and nutrition conditions (% of total)",11
"Cause of death, by injury (% of total)",11
"Cause of death, by non-communicable diseases (% of total)",11
"Cause of death, by other COVID-19 pandemic-related outcomes (% of total)",11
Cereal yield (kg per hectare),11
Combustible renewables and waste (% of total energy),11
Completeness of birth registration (%),11
"Completeness of birth registration, female (%)",11
"Completeness of birth registration, male (%)",11
"Completeness of birth registration, rural (%)",11
"Completeness of birth registration, urban (%)",11
Completeness of death registration with cause-of-death information (%),11
Container port traffic (TEU: 20 foot equivalent units),11
Coverage of social insurance programs (% of population),11
Coverage of social insurance programs in 2nd quintile (% of population),11
Coverage of social insurance programs in 3rd quintile (% of population),11
Coverage of social insurance programs in 4th quintile (% of population),11
Coverage of social insurance programs in poorest quintile (% of population),11
Coverage of social insurance programs in richest quintile (% of population),11
Coverage of social protection and labor programs (% of population),11
Coverage of social safety net programs (% of population),11
Coverage of social safety net programs in 2nd quintile (% of population),11
Coverage of social safety net programs in 3rd quintile (% of population),11
Coverage of social safety net programs in 4th quintile (% of population),11
Coverage of social safety net programs in poorest quintile (% of population),11
Coverage of social safety net programs in richest quintile (% of population),11
Coverage of unemployment benefits and ALMP (% of population),11
Coverage of unemployment benefits and ALMP in 2nd quintile (% of population),11
Coverage of unemployment benefits and ALMP in 3rd quintile (% of population),11
Coverage of unemployment benefits and ALMP in 4th quintile (% of population),11
Coverage of unemployment benefits and ALMP in poorest quintile (% of population),11
Coverage of unemployment benefits and ALMP in richest quintile (% of population),11
"Energy imports, net (% of energy use)",11
Energy use (kg of oil equivalent per capita),11
Export unit value index (2015 = 100),11
Export value index (2015 = 100),11
Export volume index (2015 = 100),11
Female pupils below minimum reading proficiency at end of primary (%). Low GAML threshold,11
Fertilizer consumption (kilograms per hectare of arable land),11
Forest area (% of land area),11
Forest area (sq. km),11
Fossil fuel energy consumption (% of total),11
Gini index,11
"Gross intake ratio in first grade of primary education, female (% of relevant age group)",11
"Gross intake ratio in first grade of primary education, male (% of relevant age group)",11
"Gross intake ratio in first grade of primary education, total (% of relevant age group)",11
Import unit value index (2015 = 100),11
Import value index (2015 = 100),11
Import volume index (2015 = 100),11
Income share held by fourth 20%,11
Income share held by highest 10%,11
Income share held by highest 20%,11
Income share held by lowest 10%,11
Income share held by lowest 20%,11
Income share held by second 20%,11
Income share held by third 20%,11
Internally displaced people (IDP) by country or territory of asylum / origin,11
International migrant stock (% of population),11
"International migrant stock, total",11
"International tourism, expenditures (% of total imports)",11
"International tourism, expenditures (current US$)",11
"International tourism, expenditures for passenger transport items (current US$)",11
"International tourism, expenditures for travel items (current US$)",11
"International tourism, number of arrivals",11
"International tourism, number of departures",11
"International tourism, receipts (% of total exports)",11
"International tourism, receipts (current US$)",11
"International tourism, receipts for passenger transport items (current US$)",11
"International tourism, receipts for travel items (current US$)",11
Land area (sq. km),11
Land area where elevation is below 5 meters (% of total land area),11
"Lead time to export, median case (days)",11
"Lead time to import, median case (days)",11
"Life expectancy at birth, female (years)",11
"Life expectancy at birth, male (years)",11
"Life expectancy at birth, total (years)",11
"Listed domestic companies, total",11
"Lower secondary completion rate, female (% of relevant age group)",11
"Lower secondary completion rate, male (% of relevant age group)",11
"Lower secondary completion rate, total (% of relevant age group)",11
Male pupils below minimum reading proficiency at end of primary (%). Low GAML threshold,11
Management practices index,11
Marine protected areas (% of territorial waters),11
"Mortality from CVD, cancer, diabetes or CRD between exact ages 30 and 70 (%)",11
"Mortality from CVD, cancer, diabetes or CRD between exact ages 30 and 70, female (%)",11
"Mortality from CVD, cancer, diabetes or CRD between exact ages 30 and 70, male (%)",11
Multidimensional poverty headcount ratio (UNDP) (% of population),11
Multidimensional poverty headcount ratio (World Bank) (% of population),11
Net barter terms of trade index (2015 = 100),11
Net intake rate in grade 1 (% of official school-age population),11
"Net intake rate in grade 1, female (% of official school-age population)",11
"Net intake rate in grade 1, male (% of official school-age population)",11
Newborns protected against tetanus (%),11
Other people in need of international protection by country or territory of asylum,11
Other people in need of international protection by country or territory of origin,11
"PM2.5 air pollution, mean annual exposure (micrograms per cubic meter)",11
"PM2.5 air pollution, population exposed to levels exceeding WHO guideline value (% of total)",11
"PM2.5 pollution, population exposed to levels exceeding WHO Interim Target-1 value (% of total)",11
"PM2.5 pollution, population exposed to levels exceeding WHO Interim Target-2 value (% of total)",11
"PM2.5 pollution, population exposed to levels exceeding WHO Interim Target-3 value (% of total)",11
People practicing open defecation (% of population),11
"People practicing open defecation, rural (% of rural population)",11
"People practicing open defecation, urban (% of urban population)",11
People using at least basic drinking water services (% of population),11
"People using at least basic drinking water services, rural (% of rural population)",11
"People using at least basic drinking water services, urban (% of urban population)",11
People using at least basic sanitation services (% of population),11
"People using at least basic sanitation services, rural (% of rural population)",11
"People using at least basic sanitation services, urban (% of urban population)",11
People using safely managed drinking water services (% of population),11
"People using safely managed drinking water services, rural (% of rural population)",11
"People using safely managed drinking water services, urban (% of urban population)",11
People using safely managed sanitation services (% of population),11
"People using safely managed sanitation services, rural (% of rural population)",11
"People using safely managed sanitation services, urban (% of urban population)",11
People with basic handwashing facilities including soap and water (% of population),11
"People with basic handwashing facilities including soap and water, rural (% of rural population)",11
"People with basic handwashing facilities including soap and water, urban (% of urban population)",11
Permanent cropland (% of land area),11
"Persistence to grade 5, female (% of cohort)",11
"Persistence to grade 5, male (% of cohort)",11
"Persistence to grade 5, total (% of cohort)",11
"Persistence to last grade of primary, female (% of cohort)",11
"Persistence to last grade of primary, male (% of cohort)",11
"Persistence to last grade of primary, total (% of cohort)",11
Population density (people per sq. km of land area),11
Population growth (annual %),11
Population in the largest city (% of urban population),11
Population in urban agglomerations of more than 1 million,11
Population in urban agglomerations of more than 1 million (% of total population),11
Population living in areas where elevation is below 5 meters (% of total population),11
Population living in slums (% of urban population),11
"Population, total",11
Poverty gap at $2.15 a day (2017 PPP) (%),11
Poverty gap at $4.20 a day (2021 PPP) (%),11
Poverty gap at $6.85 a day (2017 PPP) (%),11
Poverty headcount ratio at $2.15 a day (2017 PPP) (% of population),11
Poverty headcount ratio at $4.20 a day (2021 PPP) (% of population),11
Poverty headcount ratio at $6.85 a day (2017 PPP) (% of population),11
Poverty headcount ratio at national poverty lines (% of population),11
Poverty headcount ratio at societal poverty line (% of population),11
"Primary completion rate, female (% of relevant age group)",11
"Primary completion rate, male (% of relevant age group)",11
"Primary completion rate, total (% of relevant age group)",11
Proportion of seats held by women in national parliaments (%),11
"Proportion of time spent on unpaid domestic and care work, female (% of 24 hour day)",11
"Proportion of time spent on unpaid domestic and care work, male (% of 24 hour day)",11
Prosperity gap (average shortfall from a prosperity standard of $25/day),11
"Pupil-teacher ratio, lower secondary",11
"Pupil-teacher ratio, preprimary",11
"Pupil-teacher ratio, primary",11
"Pupil-teacher ratio, secondary",11
"Pupil-teacher ratio, tertiary",11
"Pupil-teacher ratio, upper secondary",11
Pupils below minimum reading proficiency at end of primary (%). Low GAML threshold,11
Rail lines (total route-km),11
"Railways, passengers carried (million passenger-km)",11
Refugees under the mandate of the UNHCR by country or territory of asylum,11
Refugees under the mandate of the UNHCR by country or territory of origin,11
Refugees under the mandate of the UNRWA by country or territory of asylum,11
Refugees under the mandate of the UNRWA by country or territory of origin,11
Renewable energy consumption (% of total final energy consumption),11
"Repeaters, primary, total (% of total enrollment)",11
Rural land area (sq. km),11
Rural land area where elevation is below 5 meters (% of total land area),11
Rural land area where elevation is below 5 meters (sq. km),11
Rural population,11
Rural population (% of total population),11
Rural population growth (annual %),11
Rural population living in areas where elevation is below 5 meters (% of total population),11
Sex ratio at birth (male births per female births),11
"Share of youth not in education, employment or training, female (% of female youth population)",11
"Share of youth not in education, employment or training, male (% of male youth population)",11
"Share of youth not in education, employment or training, total (% of youth population)",11
Social contributions (% of revenue),11
"Stocks traded, turnover ratio of domestic shares (%)",11
Surface area (sq. km),11
"Survey mean consumption or income per capita, bottom 40% of population (2017 PPP $ per day)",11
"Survey mean consumption or income per capita, total population (2017 PPP $ per day)",11
"Survival to age 65, female (% of cohort)",11
"Survival to age 65, male (% of cohort)",11
"Taxes on income, profits and capital gains (% of total taxes)",11
Terrestrial and marine protected areas (% of total territorial area),11
Terrestrial protected areas (% of total land area),11
Time required to obtain an operating license (days),11
Time spent dealing with the requirements of government regulations (% of senior management time),11
Time to obtain an electrical connection (days),11
"Total alcohol consumption per capita (liters of pure alcohol, projected estimates, 15+ years of age)",11
"Total alcohol consumption per capita, female (liters of pure alcohol, projected estimates, female 15+ years of age)",11
"Total alcohol consumption per capita, male (liters of pure alcohol, projected estimates, male 15+ years of age)",11
Total reserves in months of imports,11
UHC service coverage index,11
UHC service coverage sub-index on infectious diseases,11
UHC service coverage sub-index on non-communicable diseases,11
"UHC service coverage sub-index on reproductive, maternal, newborn and child health",11
UHC service coverage sub-index on service capacity and access,11
Urban land area (sq. km),11
Urban land area where elevation is below 5 meters (% of total land area),11
Urban land area where elevation is below 5 meters (sq. km),11
Urban population,11
Urban population (% of total population),11
Urban population growth (annual %),11
Urban population living in areas where elevation is below 5 meters (% of total population),11
Women who believe a husband is justified in beating his wife (any of five reasons) (%),11
Women who believe a husband is justified in beating his wife when she argues with him (%),11
Women who believe a husband is justified in beating his wife when she burns the food (%),11
Women who believe a husband is justified in beating his wife when she goes out without telling him (%),11
Women who believe a husband is justified in beating his wife when she neglects the children (%),11
Women who believe a husband is justified in beating his wife when she refuses sex with him (%),11
"Charges for the use of intellectual property, payments (BoP, current US$)",12
"Charges for the use of intellectual property, receipts (BoP, current US$)",12
Commercial service exports (current US$),12
Commercial service imports (current US$),12
"Communications, computer, etc. (% of service exports, BoP)",12
"Communications, computer, etc. (% of service imports, BoP)",12
"Current account balance (BoP, current US$)",12
"Debt service on external debt, public and publicly guaranteed (PPG) (TDS, current US$)",12
"Debt service on external debt, total (TDS, current US$)",12
External debt stocks (% of GNI),12
"External debt stocks, long-term (DOD, current US$)",12
"External debt stocks, private nonguaranteed (PNG) (DOD, current US$)",12
"External debt stocks, public and publicly guaranteed (PPG) (DOD, current US$)",12
"External debt stocks, short-term (DOD, current US$)",12
"External debt stocks, total (DOD, current US$)",12
"Foreign direct investment, net (BoP, current US$)",12
"Foreign direct investment, net inflows (BoP, current US$)",12
"Foreign direct investment, net outflows (BoP, current US$)",12
"Goods exports (BoP, current US$)",12
"Goods imports (BoP, current US$)",12
"Grants, excluding technical cooperation (BoP, current US$)",12
"IBRD loans and IDA credits (DOD, current US$)",12
"ICT service exports (% of service exports, BoP)",12
"ICT service exports (BoP, current US$)",12
"IMF repurchases and charges (TDS, current US$)",12
"Insurance and financial services (% of service exports, BoP)",12
"Insurance and financial services (% of service imports, BoP)",12
Multilateral debt service (% of public and publicly guaranteed debt service),12
"Multilateral debt service (TDS, current US$)",12
"Net capital account (BoP, current US$)",12
"Net errors and omissions (BoP, current US$)",12
"Net financial account (BoP, current US$)",12
"Net flows on external debt, private nonguaranteed (PNG) (NFL, current US$)",12
"Net primary income (BoP, current US$)",12
"Net secondary income (BoP, current US$)",12
"Net trade in goods (BoP, current US$)",12
"PPG, IBRD (DOD, current US$)",12
"PPG, IDA (DOD, current US$)",12
"Personal remittances, paid (current US$)",12
"Personal transfers, receipts (BoP, current US$)",12
"Portfolio Investment, net (BoP, current US$)",12
"Portfolio equity, net inflows (BoP, current US$)",12
Present value of external debt (% of GNI),12
Present value of external debt (current US$),12
"Primary income payments (BoP, current US$)",12
"Primary income receipts (BoP, current US$)",12
Public and publicly guaranteed debt service (% of GNI),12
"Reserves and related items (BoP, current US$)",12
Scientific and technical journal articles,12
"Secondary income receipts (BoP, current US$)",12
"Secondary income, other sectors, payments (BoP, current US$)",12
"Service exports (BoP, current US$)",12
"Service imports (BoP, current US$)",12
Short-term debt (% of total external debt),12
Short-term debt (% of total reserves),12
"Stocks traded, total value (current US$)",12
"Technical cooperation grants (BoP, current US$)",12
Total debt service (% of GNI),12
Total reserves (% of total external debt),12
"Total reserves (includes gold, current US$)",12
Total reserves minus gold (current US$),12
"Transport services (% of service exports, BoP)",12
"Transport services (% of service imports, BoP)",12
"Travel services (% of service exports, BoP)",12
"Travel services (% of service imports, BoP)",12
"Use of IMF credit (DOD, current US$)",12
Net official aid received (constant 2021 US$),13
Net official aid received (current US$),13
Net official development assistance and official aid received (constant 2021 US$),13
Net official development assistance and official aid received (current US$),13
Net official development assistance received (constant 2021 US$),13
Net official development assistance received (current US$),13
"Net official flows from UN agencies, CERF (current US$)",13
"Net official flows from UN agencies, FAO (current US$)",13
"Net official flows from UN agencies, IAEA (current US$)",13
"Net official flows from UN agencies, IFAD (current US$)",13
"Net official flows from UN agencies, ILO (current US$)",13
"Net official flows from UN agencies, SDGFUND (current US$)",13
"Net official flows from UN agencies, SPRP (current US$)",13
"Net official flows from UN agencies, UNAIDS (current US$)",13
"Net official flows from UN agencies, UNCDF (current US$)",13
"Net official flows from UN agencies, UNCOVID (current US$)",13
"Net official flows from UN agencies, UNCTAD (current US$)",13
"Net official flows from UN agencies, UNDP (current US$)",13
"Net official flows from UN agencies, UNECE (current US$)",13
"Net official flows from UN agencies, UNEP (current US$)",13
"Net official flows from UN agencies, UNFPA (current US$)",13
"Net official flows from UN agencies, UNHCR (current US$)",13
"Net official flows from UN agencies, UNICEF (current US$)",13
"Net official flows from UN agencies, UNIDIR (current US$)",13
"Net official flows from UN agencies, UNIDO (current US$)",13
"Net official flows from UN agencies, UNPBF (current US$)",13
"Net official flows from UN agencies, UNRWA (current US$)",13
"Net official flows from UN agencies, UNTA (current US$)",13
"Net official flows from UN agencies, UNWOMEN (current US$)",13
"Net official flows from UN agencies, UNWTO (current US$)",13
"Net official flows from UN agencies, WFP (current US$)",13
"Net official flows from UN agencies, WHO (current US$)",13
"Net official flows from UN agencies, WTO-ITC (current US$)",13
Adolescents out of school (% of lower secondary school age),14
"Adolescents out of school, female (% of female lower secondary school age)",14
"Adolescents out of school, male (% of male lower secondary school age)",14
"Educational attainment, Doctoral or equivalent, population 25+, female (%) (cumulative)",14
"Educational attainment, Doctoral or equivalent, population 25+, male (%) (cumulative)",14
"Educational attainment, Doctoral or equivalent, population 25+, total (%) (cumulative)",14
"Educational attainment, at least Bachelor's or equivalent, population 25+, female (%) (cumulative)",14
"Educational attainment, at least Bachelor's or equivalent, population 25+, male (%) (cumulative)",14
"Educational attainment, at least Bachelor's or equivalent, population 25+, total (%) (cumulative)",14
"Educational attainment, at least Master's or equivalent, population 25+, female (%) (cumulative)",14
"Educational attainment, at least Master's or equivalent, population 25+, male (%) (cumulative)",14
"Educational attainment, at least Master's or equivalent, population 25+, total (%) (cumulative)",14
"Educational attainment, at least completed lower secondary, population 25+, female (%) (cumulative)",14
"Educational attainment, at least completed lower secondary, population 25+, male (%) (cumulative)",14
"Educational attainment, at least completed lower secondary, population 25+, total (%) (cumulative)",14
"Educational attainment, at least completed post-secondary, population 25+, female (%) (cumulative)",14
"Educational attainment, at least completed post-secondary, population 25+, male (%) (cumulative)",14
"Educational attainment, at least completed post-secondary, population 25+, total (%) (cumulative)",14
"Educational attainment, at least completed primary, population 25+ years, female (%) (cumulative)",14
"Educational attainment, at least completed primary, population 25+ years, male (%) (cumulative)",14
"Educational attainment, at least completed primary, population 25+ years, total (%) (cumulative)",14
"Educational attainment, at least completed short-cycle tertiary, population 25+, female (%) (cumulative)",14
"Educational attainment, at least completed short-cycle tertiary, population 25+, male (%) (cumulative)",14
"Educational attainment, at least completed short-cycle tertiary, population 25+, total (%) (cumulative)",14
"Educational attainment, at least completed upper secondary, population 25+, female (%) (cumulative)",14
"Educational attainment, at least completed upper secondary, population 25+, male (%) (cumulative)",14
"Educational attainment, at least completed upper secondary, population 25+, total (%) (cumulative)",14
Lower secondary school starting age (years),14
"Over-age students, primary (% of enrollment)",14
"Over-age students, primary, female (% of female enrollment)",14
"Over-age students, primary, male (% of male enrollment)",14
Primary school starting age (years),14
Progression to secondary school (%),14
"Progression to secondary school, female (%)",14
"Progression to secondary school, male (%)",14
"Repeaters, primary, female (% of female enrollment)",14
"Repeaters, primary, male (% of male enrollment)",14
"School enrollment, preprimary (% gross)",14
"School enrollment, preprimary, female (% gross)",14
"School enrollment, preprimary, male (% gross)",14
"School enrollment, primary (% gross)",14
"School enrollment, primary (% net)",14
"School enrollment, primary (gross), gender parity index (GPI)",14
"School enrollment, primary and secondary (gross), gender parity index (GPI)",14
"School enrollment, primary, female (% gross)",14
"School enrollment, primary, female (% net)",14
"School enrollment, primary, male (% gross)",14
"School enrollment, primary, male (% net)",14
"School enrollment, primary, private (% of total primary)",14
"School enrollment, secondary (% gross)",14
"School enrollment, secondary (% net)",14
"School enrollment, secondary (gross), gender parity index (GPI)",14
"School enrollment, secondary, female (% gross)",14
"School enrollment, secondary, female (% net)",14
"School enrollment, secondary, male (% gross)",14
"School enrollment, secondary, male (% net)",14
"School enrollment, secondary, private (% of total secondary)",14
"School enrollment, tertiary (% gross)",14
"School enrollment, tertiary (gross), gender parity index (GPI)",14
"School enrollment, tertiary, female (% gross)",14
"School enrollment, tertiary, male (% gross)",14
